{
  "run_name": "homology-sonnet-4",
  "n_questions": 81,
  "verdict": {
    "accurate": 14,
    "incomplete": 28,
    "hallucinated": 39
  },
  "verdict_rates": {
    "accurate": 0.1728395061728395,
    "incomplete": 0.345679012345679,
    "hallucinated": 0.48148148148148145
  },
  "correctness": {
    "correct": 43,
    "incorrect": 26,
    "partially_correct": 12
  },
  "groundedness": {
    "grounded": 39,
    "partially_grounded": 26,
    "ungrounded": 16
  },
  "citation_metrics": {
    "macro_precision": 0.4660787771898882,
    "macro_recall": 0.31046244564763087,
    "macro_f1": 0.35086466521795034,
    "mean_secondary_hits": 0.14814814814814814,
    "total_secondary_hits": 12
  },
  "retrieval_chunk_metrics": {
    "macro_precision": 0.10960137493225727,
    "macro_recall": 0.26087935348964764,
    "macro_f1": 0.13100813004596407,
    "macro_precision_at_neighbor_1": 0.17172614830703065,
    "macro_recall_at_neighbor_1": 0.34624681418799064,
    "macro_f1_at_neighbor_1": 0.1989864313876291,
    "mean_n_retrieved": 11.333333333333334,
    "mean_n_gold": 5.683333333333334,
    "mean_tp": 1.1166666666666667,
    "mean_tp_neighbor": 0.6,
    "n_questions_with_gold": 60
  },
  "by_category": [
    {
      "category": "Bar Exam",
      "n": 7,
      "accurate": 0.2857142857142857,
      "incomplete": 0.5714285714285714,
      "hallucinated": 0.14285714285714285,
      "precision": 0.6309523809523808,
      "recall": 0.3820964749536178,
      "f1": 0.4535147392290249,
      "retrieval_precision": 0.1398497335997336,
      "retrieval_recall": 0.45411255411255413,
      "retrieval_f1": 0.1923741315045663
    },
    {
      "category": "Changes in Law",
      "n": 3,
      "accurate": 0.0,
      "incomplete": 0.0,
      "hallucinated": 1.0,
      "precision": 0.16666666666666666,
      "recall": 0.16666666666666666,
      "f1": 0.16666666666666666,
      "retrieval_precision": NaN,
      "retrieval_recall": NaN,
      "retrieval_f1": NaN
    },
    {
      "category": "Circuit Splits",
      "n": 8,
      "accurate": 0.25,
      "incomplete": 0.625,
      "hallucinated": 0.125,
      "precision": 0.525,
      "recall": 0.21833028083028083,
      "f1": 0.292091588966589,
      "retrieval_precision": 0.07393782687900334,
      "retrieval_recall": 0.22387136672850957,
      "retrieval_f1": 0.10408163265306124
    },
    {
      "category": "Doctrine Test",
      "n": 5,
      "accurate": 0.2,
      "incomplete": 0.6,
      "hallucinated": 0.2,
      "precision": 0.43047619047619046,
      "recall": 0.333030303030303,
      "f1": 0.3692063492063492,
      "retrieval_precision": 0.23923351158645279,
      "retrieval_recall": 0.3451734539969834,
      "retrieval_f1": 0.2359834368530021
    },
    {
      "category": "False Holding Statements",
      "n": 5,
      "accurate": 0.4,
      "incomplete": 0.2,
      "hallucinated": 0.4,
      "precision": 0.5,
      "recall": 0.16071428571428573,
      "f1": 0.24,
      "retrieval_precision": 0.23544677544677545,
      "retrieval_recall": 0.33083333333333337,
      "retrieval_f1": 0.2632840722495895
    },
    {
      "category": "False Judicial Contribution",
      "n": 1,
      "accurate": 1.0,
      "incomplete": 0.0,
      "hallucinated": 0.0,
      "precision": 0.0,
      "recall": 0.0,
      "f1": 0.0,
      "retrieval_precision": NaN,
      "retrieval_recall": NaN,
      "retrieval_f1": NaN
    },
    {
      "category": "Local Rules",
      "n": 4,
      "accurate": 0.0,
      "incomplete": 0.0,
      "hallucinated": 1.0,
      "precision": 0.0,
      "recall": 0.0,
      "f1": 0.0,
      "retrieval_precision": NaN,
      "retrieval_recall": NaN,
      "retrieval_f1": NaN
    },
    {
      "category": "Metadata: Author",
      "n": 3,
      "accurate": 0.3333333333333333,
      "incomplete": 0.0,
      "hallucinated": 0.6666666666666666,
      "precision": 0.6666666666666666,
      "recall": 0.6666666666666666,
      "f1": 0.6666666666666666,
      "retrieval_precision": 0.041666666666666664,
      "retrieval_recall": 0.5,
      "retrieval_f1": 0.07692307692307693
    },
    {
      "category": "Metadata: Citation",
      "n": 3,
      "accurate": 0.3333333333333333,
      "incomplete": 0.0,
      "hallucinated": 0.6666666666666666,
      "precision": 0.3333333333333333,
      "recall": 0.1111111111111111,
      "f1": 0.16666666666666666,
      "retrieval_precision": 0.0,
      "retrieval_recall": 0.0,
      "retrieval_f1": 0.0
    },
    {
      "category": "Metadata: Year",
      "n": 4,
      "accurate": 0.0,
      "incomplete": 0.0,
      "hallucinated": 1.0,
      "precision": 1.0,
      "recall": 0.875,
      "f1": 0.9166666666666666,
      "retrieval_precision": NaN,
      "retrieval_recall": NaN,
      "retrieval_f1": NaN
    },
    {
      "category": "Question with Irrelevant Context",
      "n": 4,
      "accurate": 0.0,
      "incomplete": 0.0,
      "hallucinated": 1.0,
      "precision": 0.0,
      "recall": 0.0,
      "f1": 0.0,
      "retrieval_precision": 0.0,
      "retrieval_recall": 0.0,
      "retrieval_f1": 0.0
    },
    {
      "category": "Rule QA",
      "n": 10,
      "accurate": 0.1,
      "incomplete": 0.6,
      "hallucinated": 0.3,
      "precision": 0.44000000000000006,
      "recall": 0.3082417582417582,
      "f1": 0.3417249004865104,
      "retrieval_precision": 0.14749201415868082,
      "retrieval_recall": 0.3351851851851852,
      "retrieval_f1": 0.18014882720765074
    },
    {
      "category": "SCALR",
      "n": 13,
      "accurate": 0.23076923076923078,
      "incomplete": 0.46153846153846156,
      "hallucinated": 0.3076923076923077,
      "precision": 0.42948717948717946,
      "recall": 0.2891025641025641,
      "f1": 0.3301211608903917,
      "retrieval_precision": 0.12472222222222222,
      "retrieval_recall": 0.375,
      "retrieval_f1": 0.15191919191919193
    },
    {
      "category": "Treatment (Doctrinal Agreement)",
      "n": 6,
      "accurate": 0.0,
      "incomplete": 0.0,
      "hallucinated": 1.0,
      "precision": 1.0,
      "recall": 0.8333333333333334,
      "f1": 0.8888888888888888,
      "retrieval_precision": 0.0,
      "retrieval_recall": 0.0,
      "retrieval_f1": 0.0
    },
    {
      "category": "Whimsical Holding Statements",
      "n": 5,
      "accurate": 0.0,
      "incomplete": 0.6,
      "hallucinated": 0.4,
      "precision": 0.2,
      "recall": 0.016666666666666666,
      "f1": 0.03076923076923077,
      "retrieval_precision": 0.037606837606837605,
      "retrieval_recall": 0.04285714285714286,
      "retrieval_f1": 0.03739130434782609
    }
  ]
}